,circles,squares,triangles
circles,,0.6245018195357065,0.1482796094191472
squares,0.6245018195357065,,0.025267033438947983
triangles,0.1482796094191472,0.025267033438947983,
