experiment,category,groups,SNR group A average,SNR group A std,group A number of samples,SNR group B average,SNR group B std,group B number of samples,SNR group C average,SNR group C std,group C number of samples,SNR group D average,SNR group D std,group D number of samples
Experiment_1,pixel_surface,[10000 20000 30000],3.2282871030555556,3.5178360896978322,648,3.7982827519290123,4.704457142021341,648,4.076882292283951,4.190302462128251,648,,,
Experiment_1,color,['green' 'red' 'white'],3.4929487264969135,4.111497867397328,648,3.6559913613271604,4.011712353034396,648,3.9545120594444447,4.396828539104135,648,,,
Experiment_1,shape,['circles' 'squares' 'triangles'],3.7342343352006173,3.8543427615977808,648,3.966806745246914,4.7586303154857985,648,3.402411066820988,3.8442811671902604,648,,,
Experiment_1,frequency,[ 8 13 19 25],3.307411100288066,4.540241762399015,486,3.1443320893004114,3.0580459822915387,486,3.8454560780452676,4.136453767004706,486,4.507403595390946,4.659213728249085,486.0
