,green,red,white
green,1.0,0.3177524449483258,0.03903417201206938
red,0.3177524449483258,1.0,0.579641592040783
white,0.03903417201206938,0.579641592040783,1.0
